Category1;Value1;Value2
D;5.180544788848954;9.585228524552429
A;11.737511942649755;26.226371165151363
B;7.880378942963249;24.034092049796502
B;9.005070888001708;17.51247630231327
A;10.192704843538445;20.275167250118898
A;9.652176515652958;14.657793088427741
A;10.550451752382278;22.985041617669992
B;9.680926592555661;19.65704053936231
B;10.261461581287382;26.104206040682065
B;7.841463006527878;14.49202473246081
E;11.27321882119218;22.069310297023588
D;8.349179512503;20.01616045341388
B;7.466116774104777;18.140617853213055
A;9.322205316883615;10.139840575135606
B;7.601981520608672;24.569814793933293
D;3.971560976275679;18.244638033613633
B;12.85181897531411;25.929715067632145
E;8.166696622006778;13.641579761820617
B;9.525930247543565;10.860101722952807
A;13.647203617684962;3.5112874804293455
C;7.61522019735342;24.13838486679959
C;9.381692374651305;15.59583877995312
B;10.514665573036877;25.391710672112648
B;11.676926831037939;11.180075763855841
C;7.404786947688396;25.231992019038977
B;7.195003865762108;19.115224405509203
C;11.672735213026607;14.936427829792223
B;10.023404709158502;15.34201568374934
A;7.409142707155651;26.581615723166628
E;6.8679841142454165;17.568203618990236
A;11.4728957230856;7.5681482476354365
B;12.215646616567525;24.648742220626477
A;9.444005717012592;24.17676206644368
B;9.400941091349381;31.592855605269236
B;8.79561429505946;25.201636460547068
B;4.883865491039606;35.23308516809229
C;12.201525859552795;24.695685687060475
B;9.821774335721948;11.96535541284282
D;12.096901092624112;14.651371151702232
B;8.583098913089188;22.082050761892166
B;9.147730404671794;10.706721990421789
B;9.627324070176824;24.225808151778846
A;9.651803316655421;22.393012695168483
A;9.072731203490557;24.955582590128884
A;12.25189235551247;23.74475167700595
A;12.20095777250252;23.348604226598486
A;11.824676320842665;26.06620274501046
B;8.813112584850966;21.020211288488237
B;9.559328328266126;20.635984688791904
C;7.9136593622324725;11.179297081558248
D;14.63681604071531;18.159618094747778
B;8.935544819632801;28.03597467406778
C;10.234965563877788;14.873327491667776
B;8.167671454947255;9.836418224885112
A;10.910580454857467;22.113280694551342
A;11.48508511200281;14.651867560460827
B;8.081979914689462;32.21625821091086
C;10.977521662707353;23.092848977759385
B;8.316544671937391;15.42912490578545
C;8.845732924627656;29.070519889656996
C;9.617607588715616;29.644188090906084
B;8.488216115598258;27.510330429077868
A;11.63713396015465;29.51835213233067
B;9.189322219753855;20.76898512769952
B;9.961839919913826;15.456489499307413
A;10.793565995920536;26.617104863253136
B;8.276202426985394;23.426798452683084
B;9.208438242855982;17.191706654534933
A;9.369340436930688;20.036429689236535
B;6.39524087834388;25.876138395442776
B;12.994848180144645;18.212270419855987
A;11.117550861182044;17.494175026378244
A;10.598265422043086;33.63313613625502
E;11.1055926370722;18.202638978151228
B;7.4818410747991955;14.22255237478877
A;9.392610814345947;25.272754829852826
D;12.108967334870227;14.431022371882584
B;8.842654354947134;31.78204182537003
C;10.197858417451245;25.114220782936894
E;10.484061044612076;24.693115611600405
B;6.83981545591583;28.107519851553043
A;8.698299845697509;29.176570225030545
C;10.837692043490698;19.48035378441728
E;10.00719539876088;13.7702099248969
B;13.742477640243886;11.902717049056664
C;10.61476161083791;27.86177368052026
D;5.6816751798512435;33.93724149350542
A;12.755368646570687;9.977236450255452
C;7.170741589387161;22.72397952137173
B;10.537392119661785;17.200337428670547
B;10.355145353449275;28.808306829172587
E;10.304650702542869;19.01401756959549
D;10.17896915044017;14.93105765605457
A;8.19008241230655;19.381068513506882
B;11.050027600434177;13.134423437045797
C;10.240344740174928;25.21111027737171
D;8.912987708117736;30.011086831283258
A;11.090805055409268;26.855160256381733
C;14.21233194868395;16.056301117768015
B;7.605415893683585;40.619324260174785
A;8.653965914366903;29.36578971132375
B;9.544045941110163;30.494005529631778
B;7.972218537226002;12.43103072270894
B;9.6985527532026;16.97460981559509
B;8.003106047449577;31.0718036407374
B;9.834117513816969;34.96100960528786
C;11.565518005980321;22.11747740173969
B;10.240009205325899;16.784957405711836
D;9.193814680000628;15.844011681796214
C;10.58060166487824;26.298322543402083
C;10.19017287556188;26.66758355770931
B;11.09892551931527;28.61558994278038
A;9.508458033917778;6.9797396366197795
A;7.189950652193183;29.85532426860506
B;11.124659815712029;13.80152105788434
B;9.13317729639069;26.53729618560887
B;9.250474216791275;23.15459507429032
A;11.433567708121137;22.255526224145385
A;10.42215569550945;21.095098024805473
D;8.958146009000055;20.1501500177903
B;14.192944309128361;25.932168617401988
D;12.96072119662736;28.421333545098133
D;8.913165960055263;34.64200958281062
B;6.523549874409218;19.89589811894225
D;11.779391968139556;20.078700029528502
E;10.56444707514591;26.45351216141732
C;9.782756396038554;18.295138528326095
A;10.36510459886136;13.803576420815897
C;9.558480837504224;16.65914121513915
B;10.951442248453251;21.47115357093987
C;9.996479036525061;26.34709002322793
B;11.558982654715162;29.410646506704914
C;11.857713010455328;7.199796990773075
B;9.724156220119168;26.826914050403303
B;10.680537742484113;10.109823387881875
B;10.882527779837329;13.828067875831657
A;9.808575836801877;23.938464263674717
B;10.970399011930015;18.500382800079553
A;9.629646141049433;25.24397566067561
C;11.570010186790212;7.703535175372384
D;8.776131692562762;21.099979846222432
B;9.431240858883406;37.0274697556767
A;6.7325929444095625;9.724348425016556
B;7.121608126832817;30.4715955605897
A;10.444625556702514;16.11807833873815
B;9.596028185111383;26.364901956227584
A;9.819495582729338;15.546864858610576
E;12.57001183951626;-3.648984655548496
B;9.834220683748732;15.58743879401819
B;14.021312976066875;33.51345418066154
A;6.509995429736438;14.899894359704778
A;10.093232291285725;31.684669536553727
D;12.021275985713167;12.93484797183314
D;10.564034564365354;22.61503586555243
C;11.012072166321532;27.49969343003316
C;8.67614284749927;4.655535646670742
E;6.67013036632529;21.500703830122198
C;9.583883490174125;21.28720257721606
B;11.385206177851716;22.833629550789727
A;10.550826978460186;17.83187915428285
A;7.842692114307676;17.655931815943664
A;11.106934285152372;24.438599131066383
A;9.614651891299191;16.658230594406746
B;9.538244335828605;32.85042911899893
A;10.698097694149343;22.335139222689282
E;8.01310269323875;16.473269408709168
C;11.804421804093007;22.75466760789284
B;13.462629799923802;19.289859225533135
B;7.588259759092097;23.085422251078764
C;10.027153266533055;10.295290575742396
E;7.544090437742687;18.920344785644588
E;10.341299048071114;29.924555667448303
A;10.950664620167787;10.215431746328994
B;13.015807579392007;22.18067737620532
E;8.157903989849006;13.89135030597797
B;8.884924313547579;35.079236353018075
D;11.09455724075617;14.420540701786507
B;9.604060509173118;22.371844080130316
D;10.666892670499431;22.965286668770986
E;13.0264769942923;21.66237558036755
B;11.13813320606625;24.89316403542563
B;7.4992029338796415;20.98561817760769
B;12.991520372297831;23.527359346584056
E;7.363886545036648;22.190205040992442
A;11.254300101560686;17.77148924186462
B;10.07305313110001;12.083187412334274
B;10.686489121708393;14.965529557785278
C;10.024959479874168;26.213995026373365
A;10.634126618213783;28.50362846298326
A;6.171449734663591;27.977913860900316
C;10.4217525083914;24.46363152928774
E;8.13563081670655;15.03552832062677
B;8.259452875826154;21.936561151700314
B;9.82992266628782;20.873755450904
C;9.950785976559473;8.392596259377209
A;9.12252849103505;22.63426756797963
D;13.169674301827195;30.191207840434508
A;11.246726554084992;17.857042730252946
C;6.070189758132901;20.69977547653973
D;8.800002005683067;30.057497727135228
A;7.816319747317463;28.302826996067285
B;8.603531139841328;27.89649256946273
B;13.02222305821468;22.22650769347153
C;9.84505697757379;22.007137902644438
A;11.413407609210996;21.245603042255404
B;10.981670437721618;18.596103196557372
B;7.424484872505787;27.535457049114076
A;7.741883810931881;33.287807203400966
B;9.340460526102726;25.01762527297958
A;10.255765423583888;17.56037519311264
B;8.268098310316917;14.94827470477015
A;10.52505903863721;26.269441324189867
B;9.84468174849604;21.207429699354176
A;10.351915416145642;18.20441587585418
A;12.131929572032213;11.514090191363843
A;10.965020571681329;13.336318893581923
C;13.199261807758838;13.960559857363794
C;9.017737148551095;19.277142644856248
B;10.013267785648527;14.103236934328203
A;6.047702261510567;28.371501808650407
B;9.485076367468869;14.968758351404315
B;11.359740593342488;16.154350736089906
B;6.778738946044464;21.406273194810954
B;8.088299610349539;24.071022570931834
B;10.898462366491197;20.891416299222062
A;8.366063513932552;11.100244052105426
A;10.884604101894546;28.491771778974215
A;13.148637935777565;34.91303085718501
B;11.814122451574532;27.064508113756517
B;7.220071298734862;13.111202537786392
B;9.508195114216718;25.40275273317396
D;10.230767629801408;30.296455433788573
E;8.958247544291776;1.1829598695035877
B;9.496419386046782;14.186365828581806
B;9.45308841607172;25.545030740248883
E;6.2659977686259705;15.595549914755736
C;11.040326996347712;12.594249332292092
A;11.35207049652069;27.100043088031335
B;12.475853986353016;21.32469284809567
C;6.442046582366315;20.579873710628874
B;10.352257833396852;32.62309551286728
E;11.598628938024776;22.02275475959747
A;9.884023215659099;32.18325376965069
C;8.034795847619646;21.169330384925473
C;7.114740148266318;16.68651673661504
C;11.97641631282896;14.511413053510317
B;7.443379835129116;13.409082281957241
B;7.885574081328574;30.094000145353718
B;12.810673745293917;21.21595143299242
C;6.520167360666566;24.80109985523569
B;10.87703075023891;22.629824609106265
E;10.531822598158747;24.46043402825267
B;9.830597892166626;9.20241342571384
B;10.527939575645847;32.10399604319442
C;7.174627307874019;23.434783679072087
A;9.749018055085779;33.23209045246217
C;11.278233138313096;24.288831162110426
A;10.417120192584223;9.898440219863257
D;9.68777668134339;19.05658312221448
A;6.859661147197564;14.167321709029832
C;8.995592781447556;18.09540894610832
C;12.493219470416923;26.639924522488116
A;11.676042587118511;22.20444167728052
A;10.83934947598482;15.32058738148298
C;10.042585083567534;11.03102903233265
B;11.531767670285788;25.521476748753855
B;10.77324337566951;23.427822532696702
B;8.037763669291095;30.441058599383812
A;10.83067289396857;26.55674685379671
E;11.215823525719811;19.173103845238195
B;7.448499155104033;14.81911939473568
B;11.639652424757013;25.2944716217967
B;8.139459604481655;21.605214988157602
D;11.36469131096764;26.447756681195457
D;9.797929714402791;29.160070357688035
D;10.335369958446709;18.122105782241025
B;7.5901263328692945;20.349840905944088
C;11.643130210855615;17.550082631454156
A;9.401738784071684;22.647089600054798
B;8.9019658925583;19.237264815818516
B;11.982017273217766;33.3021369432021
B;8.754120199386264;8.666999078631507
E;10.22384626367686;25.97734926517346
C;12.604566666188985;36.19766673910821
E;8.721608156045717;19.85429661473441
A;7.885716510037262;15.33259441209401
C;9.909114578752481;27.472797929269753
B;8.821760386984371;17.61532825568426
C;9.38893007445956;19.784379964305522
C;8.341885691263753;25.71297737681052
C;8.341806830891805;20.273348185428606
B;5.924813218141231;19.042294893547517
D;7.165136032597855;23.170750884637968
B;10.063211274296705;19.811083632666428
B;9.854852450831915;20.236992649108135
E;10.611654052915252;23.550717224585828
C;11.997907751529603;26.061018595995193
A;8.073955182302804;26.66097462483169
D;9.652733790036732;37.225821040539884
B;8.722888079119553;14.368149863029513
B;10.679700537180189;13.93917345404746
B;8.349140019322393;20.66179042162805
B;10.770395131093593;25.868465106219997
D;7.459216008682304;29.074975050591718
B;10.194068292646541;19.91587193902712
B;10.307227952256095;22.09902374026447
A;11.869746147070316;25.30598449639885
D;10.792978038044792;27.17477889397583
A;11.45974267724863;14.3748745474171
A;10.226174536295268;35.32128201699342
E;8.522599125301536;34.62650464000923
C;8.205980780105039;27.387349204662264
C;10.150474120799805;24.497794015410342
B;8.44687077227739;28.491066658598267
A;7.797457463473703;25.287475852608125
B;5.799973837699188;27.04328085013102
B;7.913057540143996;10.870839864678686
B;7.932520690540947;35.00646090892374
B;7.0300904055146605;23.891338280381916
C;11.202522904476435;36.22707224569314
A;6.774803614479907;16.9093912489621
B;9.962398181834654;30.468670188131277
C;10.07332569240278;30.90167238365429
C;8.71071858031186;19.127697724806364
A;8.227769359998815;22.457798810327343
A;9.20321749790107;26.532520691594893
A;11.288427037341759;22.791563647334875
B;11.168377645870693;24.609201844165117
B;9.089561184641303;20.833397481108452
B;9.261489652322842;25.76762933114269
B;12.00646886409982;11.259544696986975
A;8.059503975418284;26.828721611001615
B;9.834394029854687;23.686946208167463
B;11.389786552284258;14.444357188681705
B;12.039643884573172;14.376486225539546
B;7.916387657756079;22.854966402188925
C;10.636004494185146;20.15575605065521
B;9.830598953013746;22.77657774748525
C;6.5796578796578675;26.9865002700611
C;8.04158206346613;21.061189933508373
B;10.85914426791303;16.64454810147638
B;9.71545460732082;27.910256477442672
D;9.796803538549954;24.24613662826653
B;7.622017951102382;27.698445187888556
B;9.329935902014345;19.265896697433615
B;10.87094725229679;18.140521382830162
B;11.60291505452829;22.99725575484756
C;10.85002756240983;21.20121248702639
C;10.40001858047744;20.374341918486003
E;8.783712535997266;8.198863948507844
B;14.307858471213766;26.18723562460165
B;11.266180937505206;32.92479757397242
B;6.160518506534965;25.358310221608747
A;8.116602960461911;22.982333988940564
A;10.113163320918293;20.51224465330623
C;7.920264537525701;23.655479448545716
A;11.643236294045428;14.68669725185445
C;10.311550531759043;23.00376069262089
B;10.329429893760596;15.591464236464267
C;9.10907323049499;14.520358161908412
A;13.144443076222359;24.43399553792612
B;9.977170748477917;14.677023915539234
B;8.065391556313692;14.752895010534408
A;6.753220300358377;26.98705543647545
E;10.348798927776343;12.52277613732513
A;9.366972577543127;27.454810252415108
E;7.675091409599779;27.526781751253992
A;10.45882059221997;27.253694323380877
A;8.348453171257766;13.128567761254969
B;7.827560872509032;25.963265691545615
D;9.593921480197928;27.555896833057123
E;7.780340271892135;25.803101923273083
B;9.71037765680837;16.591948318142947
A;7.478623876959908;27.130363731752517
C;8.288779621793603;10.982385165123935
E;13.729935255592324;19.770760720446134
E;8.09201313205847;17.01051808232937
B;10.056582577411673;30.20386395542351
A;14.556453768871872;18.718861056855935
B;9.686283559266132;16.311673080150197
E;9.141284236185255;24.354599571598698
B;6.961155068888856;11.25816185149905
B;11.136500876908098;16.371191797701297
E;5.5417969995236;10.83701110205038
A;7.08146113476281;22.04432572153536
A;9.416999731704905;12.552912481659256
B;12.53964962187831;13.652370161982457
E;13.294197434074377;18.331203787473765
A;11.911327461874674;15.683916091246324
B;10.092553052137243;25.617903858032307
E;8.664489290111078;31.8939711072526
A;10.547974527234894;26.889196945071646
E;12.177830274241133;28.082422736280545
A;9.360191264923513;9.259587134839755
A;11.726370872668737;18.613599268129313
B;7.38723218055827;26.469557126698234
D;9.764324039359535;24.60111921114234
B;9.145129237066572;23.624846230055642
A;10.502253724117349;10.400787389027943
B;8.884963410675262;26.426147918256234
A;8.57825018346603;35.59938564590759
A;9.646249450309476;16.580846958191227
C;8.928638699192405;14.818468512506985
B;7.9515087620692135;22.877413256565998
C;5.553365734504177;21.81591273697279
A;12.743403775572721;21.258368581935038
A;6.281155908741097;26.280242007276268
E;9.145023838940567;12.975768298655222
E;9.687478642390891;27.111103190625645
B;12.349808980277778;12.72790176779338
D;9.170307937148875;9.438878777867298
C;9.911650546024271;29.189206597062384
E;9.812315132720608;27.60334483248792
B;10.776286138824373;24.000035348854535
C;11.96387653364286;25.505252137798706
B;8.462131930089791;29.159271154742946
A;9.509943926318998;25.984571148015675
B;6.636691518696223;17.847283174383048
B;6.79922258107609;26.561211722438827
B;7.315057765781356;14.395264398153136
A;6.713057917752302;23.2217297015945
B;10.930491744766755;8.830662514296487
D;9.901867956235574;22.239567850240785
B;8.03746269365651;22.341287238108464
A;13.947494013400476;19.816843551464885
C;10.133214167944312;11.813515008316855
D;11.695476234874;8.885710422187302
B;10.76613550269095;25.771655664908145
B;8.888747171900734;16.461679446019673
B;8.9639911090025;26.192001402878546
A;10.932405143369241;19.469257219395715
E;9.949944954338294;19.006179508818494
B;12.92812591851581;6.475002281318146
C;11.136932825350229;25.480192067061548
B;10.918539752540266;21.31169577445793
D;8.430243732327066;16.906906291427692
D;8.015088675421804;15.096112202434977
B;8.225731244820041;9.307746982205371
A;13.61880550583454;13.59109018802533
B;7.907474114116132;29.146776609493752
A;7.693356578034599;22.68565155421074
B;10.946766090550861;30.233146111027054
B;8.58578997895377;25.478577032225648
A;9.544163953561407;17.414291348504793
C;5.487192558445967;23.161338377979824
B;9.706316060701814;8.774892332902452
C;9.68050330508418;28.33851548148476
A;8.75307472863955;19.337582109952415
C;9.08539361720198;20.610825677800005
E;9.535917934535671;22.048640714961614
A;10.666383004876991;21.622949309913015
C;8.65619214855969;21.680889290915257
D;11.094315130218652;20.222064369928308
A;11.463782711502486;15.887514560066759
A;8.645293731167904;18.141330426341053
A;9.7160308827687;9.588663027485445
B;10.687790667910816;22.564247141447005
B;6.1426214703783515;10.19592148233557
A;8.728923984533276;24.753038285591295
E;13.358274249970123;16.4913241167672
C;7.282065421522448;17.03959157262614
E;8.709194937054345;7.242086737654192
B;10.487690511542548;20.52547106129331
C;10.467563682839668;14.565218097885115
B;9.955727891658098;22.303019552710055
A;9.210950292819135;20.38578082326861
E;9.337624579265224;19.535666379694536
E;10.164835760989424;24.561848224198933
A;11.188128746575039;17.18099084105223
D;8.84083049846641;17.364037316861378
B;7.303491318305305;16.057830866560753
A;9.250113580390751;18.69856380894808
E;13.319694498290252;17.741990990681675
B;10.352054499621925;24.76371691622925
B;9.90797230228885;24.219149942721305
E;8.041296908847318;17.864347655908237
B;7.496408153237882;15.647884174489327
E;10.180960684088017;17.572552834760103
A;10.169765651769534;24.038341514241147
A;10.297427169701727;18.587129186716062
B;8.103214452052471;18.607437783887505
B;8.988219508591735;12.19463766665511
B;9.098642747427766;27.580735694186142
C;8.607416551439464;17.28323133262881
C;8.57608638233508;20.466164801643913
B;8.686983202832645;27.27063967489759
A;6.6087302634595675;8.524617808772605
A;8.47543996947574;18.374771260167236
B;6.418813065217568;26.46002095470239
A;8.717471009241452;12.212552326714704
C;12.364156644481504;15.09905566309612
C;7.360492985474985;18.627522861484465
C;11.574432121673313;19.34108848506256
D;5.867768313215731;18.283397860356168
B;10.466019724158473;19.995772000922763
E;6.767534591403651;13.497743091257691
B;8.015874930849524;14.941596162322266
D;9.965744713681818;18.19625925469035
E;10.470593057938558;17.46315610763213
C;8.799712277331478;28.559362875924027
C;12.472720868200899;18.704044313846204
D;5.774446323756817;23.162617639334957
C;9.684616289308087;29.53943229338755
E;10.867420809953035;19.982009351215513
B;9.322578995647124;20.65385992830271
B;10.502340291889864;16.99761004354487
B;9.795601000706807;20.739753567098436
B;10.936099690840571;15.02351449344389
B;9.702784704866048;20.835297997918186
D;11.607255809150002;26.849875392478598
B;10.626673069817185;14.333442718263989
E;9.235588296672566;23.87912464808947
B;9.531595034271133;26.002382029820424
C;9.7718714045551;14.50103411660201
B;9.601331246639333;29.091151662742917
B;13.913124932409993;20.411377482941177
B;8.688066773924323;24.7485722513062
A;9.357642290104513;24.693717563688416
C;11.102397665355713;24.65556909930006
E;11.219168246133345;22.044718614250854
A;11.31244240201979;23.07647575125642
A;10.151677505729328;23.271055375606533
A;10.919706221168559;14.93070793017163
C;13.282489364822542;28.911616541715002
E;11.807376299792791;17.08341360577995
A;9.531114640153943;20.948317403911464
A;11.70723022540086;15.908264919795103
C;11.963860708090234;30.84713885493222
B;13.011032841823376;28.72134963719696
E;11.802939914238664;22.73925949207094
C;8.40408244219893;27.35015843178575
C;10.71253823666597;34.60424127546312
E;9.823314079385778;21.916098104022474
B;9.810468128561508;28.883803693211867
A;9.404586324310003;23.560595772185486
A;10.106944084453904;10.644495928064394
E;10.822558671968766;18.42270573515541
B;9.6698569077828;31.48260603286154
A;10.470533026921723;20.907033441090892
E;7.929605722307388;28.288800403003343
A;8.850699594857634;18.78798174937111
A;8.714684395988991;18.626872847614628
A;10.720178305509272;27.03573030457155
A;10.792857450039921;28.94288662023095
B;8.72356121814202;20.912396412210867
B;10.134196816622689;12.453898526145077
D;9.962052653392867;11.944886098256838
A;5.891149327069339;27.41018967896539
A;8.164480398961082;22.012351066880115
C;10.562518643865385;17.8807910839191
B;11.572514435388127;24.56826640214029
D;9.284782296404243;24.80232713020561
A;10.240480507087955;28.138553254871983
A;12.186553112004507;21.99150411988571
B;10.832791874522938;30.74452706907705
B;9.73323978503399;32.57316683926298
B;11.893228282941607;19.663796658889197
B;9.881493333424558;19.037636473939415
D;12.100728825835306;29.84940011770562
B;10.598730919790187;27.55750059044844
E;9.266665340343962;20.833573013365047
A;10.03521732338867;4.792164084014983
A;10.61527740865617;21.34397698540212
B;8.530331643513287;21.741053821867062
A;8.850107379996016;24.178862987941947
A;10.474764219012254;17.4605555439166
C;10.078240337431104;19.293789110808937
D;5.809111197376824;24.567166086912877
A;15.36495813413877;16.195471449084486
A;10.224743152589639;16.61812367278344
C;10.93712795279701;24.170042397451855
B;12.20468377654392;18.404726847977223
A;12.271626898946169;18.140331836024465
B;10.590759100342492;20.406290187889038
E;13.330616037306154;16.205579395451537
A;8.209842039825691;17.53523793947081
C;9.181240274473634;9.519610188014228
C;7.9841579738246065;14.182885590778918
D;12.30533522131617;26.75522312127768
A;8.672236724827531;13.849945489367158
B;9.38881999095356;22.478052189683567
A;9.397412881364094;18.471287203280166
B;16.20570282840759;14.297963503842627
A;7.550572424417032;20.511044705061984
B;12.4534979801367;17.109296625025312
D;11.316576793094146;21.33053294634035
D;8.696766366083871;23.046041450371945
A;10.688791449530187;19.628103327604787
B;10.351017578945031;20.19109275935298
B;10.096539136119814;18.67522566223777
B;7.548763788062404;14.850049894411006
B;11.144113328785375;3.562499900387028
E;9.488102992113843;15.995169145485825
D;8.222460669565603;14.111456062144676
B;11.906168460526299;26.85887599861828
A;11.034047861540083;17.021977223613494
D;11.453439137046551;15.140332164986805
D;10.792137025581127;23.17463484536403
D;7.046714536126024;27.794878826102167
B;8.884130088753585;8.952468353218045
B;9.480010810741478;26.45839101909958
C;7.885179346244753;29.863209238190294
B;7.096832452703464;14.680495137177903
B;8.62524351620329;12.876249114321723
E;12.076298795300701;17.02575801560273
E;7.584286089926085;33.063711160093895
A;10.170631453176448;31.767166632207648
D;12.223397772464324;18.949361552458658
B;9.946238247399839;15.1640448066426
B;9.208751531588755;26.802958729151452
D;7.772040372977302;21.714027585872575
B;8.624216081731623;25.193071505839203
B;9.637124830597028;19.426650171218796
C;6.034770829646501;11.821823301216412
B;9.995882205996667;23.620150326946984
C;13.527190112495997;7.716309144549234
C;7.8665346208119225;21.70274449431667
B;12.522559125576839;25.253508339679126
C;8.785518865624118;26.618934175799417
B;11.683134966737795;24.04985215966029
B;12.17019584849456;18.869942613166877
A;9.973797197649308;22.7167181905525
B;8.182630443789856;13.04399313860497
C;9.092012868285273;29.903137735747304
A;8.221135789340691;21.798166979691345
D;9.005573125603217;16.725839316025077
A;11.88320180023975;26.993111204629564
B;7.98444757385501;13.475485660525656
A;11.004631774812346;20.842150375641612
B;8.776031182724246;15.042044440753042
B;7.885644860210767;7.694215984031516
E;7.7815762557575905;20.204606361355598
D;11.992649471250086;22.415069803409047
B;11.518803515827962;14.551426131888377
B;9.328074612252502;27.10737613669562
D;8.886090418041666;20.827926000282044
B;5.917187486284568;25.849112445791658
C;7.270253985652822;17.611938326056297
A;8.86829943858894;28.448331272221186
B;10.273906853221272;17.275423308668316
A;7.69606396585453;20.759877772267327
B;9.106365925036519;22.757080353188535
E;7.949439439435835;17.06189211210825
B;9.278864023858052;17.143182977360755
C;10.9412876121967;24.70221142715414
A;12.134420812037957;16.66107522123415
A;8.168954756393282;27.892206620123275
B;10.250213609021072;21.343062720749
D;10.089769690350506;14.358565512569847
E;13.523803984048127;24.36835949706895
C;9.356569414590087;27.75292970058951
C;11.043189297847704;24.587652453552742
A;8.569762038789975;25.8112663924179
C;7.96883614053238;23.04974733100112
C;9.530734451567161;22.743971708859664
B;9.019660037795814;30.542535374043467
A;9.399267222453723;16.259337258787973
D;10.989532157676106;15.219049010437057
B;11.005611146336092;22.015138886565655
A;8.515539094926586;15.304554000410395
B;8.494352569904347;18.285830476880918
B;8.193774158869607;15.266537354971032
C;10.959804696912851;18.588394839725396
A;10.183774596032407;17.06209529706893
C;9.93519523584406;21.61370118066255
A;8.185438759693778;19.623226573606754
A;10.10643060654528;24.014464686188937
C;8.706975830688776;16.882997109745432
B;10.639210921086033;19.930567398208847
C;8.588451743443173;32.67967614574019
B;9.68173787505545;26.401851436781488
A;9.638713340903978;12.869779144220034
D;12.152851779388051;8.209984732578391
B;11.367223931437476;15.716232960805208
D;10.98477561737403;25.752201186324044
C;11.28996405626691;17.75560383312708
B;14.30201897918555;13.825975213935553
D;9.784482721876069;23.422359101231763
D;10.440267488057659;15.459447632141188
B;9.093023849800648;24.777781653472854
D;10.594321389168197;13.747570783601951
A;8.401950420756052;21.07133941554772
C;11.143250930804864;27.170632976507978
B;6.828741465149837;34.743557601254736
C;11.448201839307792;19.050131084571483
D;4.319570140982774;21.309917045550147
B;10.801999570080522;34.32523742249764
E;6.912589084772867;27.311205830098487
E;6.086233530234466;27.711961438685364
B;11.06461744481035;16.123788225322063
C;11.820025485382336;24.506355104468675
B;11.326592269237043;36.407628163114126
A;8.370051231369827;19.425593239910206
D;12.544526657163605;17.02205220297172
A;9.766966119005165;21.79990982348383
C;10.346519944878306;19.87144180972015
B;4.7422330088535425;24.519375639679897
A;9.414924605709906;21.1199699378865
D;10.502518309431728;30.46897201228797
A;9.170010546648037;26.45068931604424
D;11.262524348840977;31.792699688653563
A;11.588595104604533;23.215564760514926
B;13.05847384742206;26.864582838258013
E;8.098003478153368;15.957142663171545
A;8.743026177108945;26.769950088426135
A;10.312444418945791;31.317311732447692
B;11.717504697581713;21.538977701209173
B;6.275304898132708;15.90728820451054
A;10.3753481352039;12.720474912437279
B;9.757140861210793;23.19426856472026
C;11.913236797392269;23.49108684734834
A;8.028682214195772;26.426340450771956
C;11.310045566675091;20.76492269847264
B;9.321160083544399;12.124041564099706
D;12.840516670504607;19.12318516115571
D;10.302044349791494;7.4962966375766715
A;10.749552526179055;29.542800907129696
C;10.640634741579774;20.914361315371107
B;8.505370827077893;19.695377160448803
B;8.508962064483335;25.609796985319242
B;8.555166616067224;15.44964058666391
C;5.3740628095582705;18.23530905720257
B;6.249901717949955;26.021971159711907
B;9.073742424382756;15.235743591416929
B;12.651049663057835;23.61580257665018
D;10.02740361225719;19.7584594395568
A;8.54925129856507;26.651218376560415
B;11.107235643039159;34.658247062604865
B;10.770159455997291;21.67300049850508
A;7.975934537792124;30.77158365838931
A;8.99186154232339;20.575003736008405
E;6.777249642683474;22.45831321107815
B;7.3710357117011664;24.071061718706943
A;9.089900924229362;13.808790033942103
C;11.936200166589739;27.63779157064746
C;10.848990135946936;17.52845310145875
B;12.489364725209452;24.13371204801167
A;9.075881432198983;10.82071214440942
E;11.372640228759096;21.149974876846002
A;7.448225476521078;24.052831784248717
B;10.647564261523142;22.560505186100173
B;7.28145741960288;34.085229405785796
B;11.554734962167045;30.562796943756155
C;7.62435824656296;25.554601794473882
B;11.629975256523487;17.336232936497684
C;8.022352583371962;18.499711031639574
C;9.805143634192486;18.393278962842274
B;9.133870973013511;12.689025614395273
C;7.391464598780305;19.302467123564952
B;11.791284876690144;28.971946333075888
A;11.233237003850723;27.415844786065065
E;9.543405162382875;28.420653492566235
B;9.67066852437073;17.814902426595232
A;9.788048393617323;32.26538988916019
A;11.172939271450584;30.613020435428794
B;10.196189792054673;20.993082414069615
D;9.840343560145964;22.43873766967054
C;9.477299551323878;24.358935815143283
C;12.208135229900668;24.874335373135352
D;11.950882530115559;24.559474548518338
D;9.719001672987961;21.2304177517821
B;11.59778132210974;15.970983860436455
B;7.121448286841575;20.72135664971241
B;7.804664205252536;22.453760776113427
C;10.58350071436518;10.1780422156372
A;8.227451950812465;33.471055916121934
A;7.686875319058081;22.529182885506525
A;9.734302343567055;24.98726978312523
B;9.630431333609941;18.268838815473124
B;10.79706814475152;20.24000677164641
E;11.134828567533141;14.344080532194114
B;8.913895605902699;17.093392867631188
A;10.922004411985268;14.24550101807265
B;8.386423546912727;26.843903676500158
C;8.66804567353922;6.342760203294793
B;5.769355748442331;21.991984991451982
A;13.632208362692866;26.033857554509822
A;10.571077034043613;26.37852898772035
A;7.376557235567555;14.594332609028942
D;11.692449323882819;15.014480971993006
E;8.673098765935189;22.84961700197313
B;9.869990634707007;18.843631039637096
B;9.012846318293947;16.4440882687555
C;7.553072605015933;24.33810064740234
D;10.642308183474821;22.94642215358011
C;9.602507263131468;17.805431872310656
B;7.452696829508618;13.19945913148694
E;8.989093885782863;30.52697562679159
B;9.907881005895197;26.138205135473573
B;11.336484544107599;21.386838003593358
A;9.802700689083418;20.668239082802746
B;10.08613347277303;14.236067541615691
A;10.734930886622092;16.01099397100293
C;8.545703845236298;22.070063155385913
A;10.9224685212667;14.485138736214623
A;8.294000483875354;28.847014805119457
C;12.72970961320338;32.07399328636858
E;9.17195484420422;33.482740166814764
B;10.096954823604168;21.504336426720016
B;10.623862838429805;19.48912079493221
C;6.940544947864998;20.060965401730783
A;8.347740042174653;16.421559472707386
B;11.840552547631612;15.508050927190677
C;11.909372882719044;23.044549847502502
E;6.832446977607792;23.69177510954242
C;7.872459621851662;13.8496373080898
E;11.471333994468434;23.879401559376102
B;11.989413610054307;19.089324219223432
A;7.710397360859227;26.254899110409145
E;8.907141871447582;15.926145215739462
A;8.75024444575894;25.326757320159146
B;10.671544981758164;20.795259709177895
A;5.861713380978893;11.10200315604406
B;8.957702711030647;18.003451276546745
C;6.018769207072523;9.135561494468254
D;8.593549267794849;23.333234161823736
B;11.010334632628496;19.638142700634205
C;8.469330039153434;11.216026555313091
B;10.5091337463894;14.702632778532616
C;13.912208416882315;8.126079397686846
C;6.864708760514157;23.59389579534664
D;10.52868687026182;28.305860874473122
A;12.710143231493271;25.55496630787406
B;9.404368890647936;26.3277110465804
A;7.996559094585945;26.54194731423922
B;7.560486759989725;21.092432896111944
A;10.005663303432154;21.84521854869319
B;10.149046327722473;11.903206396302446
C;9.675852886146874;29.91172988336297
C;9.862644587673673;27.18937005751798
B;9.079254967605015;19.7112257933242
A;12.910092850985599;17.313028544394875
B;6.532756142368475;25.10597836582288
A;13.342718577955221;15.237083977177969
B;12.28608026506619;27.938347976236777
B;9.98810505845174;21.621457415719256
C;11.440352525886675;13.465258733481082
A;12.437704010596054;29.59933128820149
A;8.832770901388757;23.397935278285583
A;6.907740218179572;24.482831044857548
C;8.195916783161225;31.196274862313608
C;9.67328255013819;18.371898341448883
C;13.08562197784168;13.746794065537717
C;8.267033464726323;28.221626208814016
B;8.644228600136957;10.895627955955705
A;6.977409424002495;26.83574854739705
D;9.553078551287294;15.129460730775666
C;11.225740546667796;29.37435225867374
B;8.98969880130225;14.134474030754408
D;6.621258807318943;10.65213896634628
E;9.48106806172765;28.03570791464253
B;10.331473679046693;21.9458829975857
A;11.260859188551699;23.325007524233985
C;5.129558937648363;17.09612646257102
A;7.960862665455868;6.437126725696613
A;10.854719612005791;25.561704237351858
C;10.363713807219206;14.812445727375556
C;12.471039891249546;20.45243481020249
E;9.343865947391814;8.16691315510811
B;9.847456106062042;19.39287851180406
A;10.064696968245666;15.796502774459933
B;10.273795090253286;24.955346107288094
C;11.442053120727104;17.529121383633367
A;9.649299571794675;29.850446010358233
E;9.28906012179518;9.538741342299701
C;11.527089173958027;30.35681921128157
C;11.608546793501775;28.799507708671882
C;11.560757652887062;31.34478875319673
B;10.758835242337154;28.366410423602698
C;8.843590507061213;19.925022391206994
B;11.466764176409425;21.55339920829624
E;13.421599549362718;16.687149385259044
C;14.155569706919458;23.25890444991413
A;9.7385542903274;16.98702086053545
B;9.419182178460535;17.787480051170874
B;9.051442961761712;20.990567864950346
B;10.849618116860709;10.363139318914822
B;10.740078734474105;32.975345360685296
A;11.474538297368014;21.637759547693854
A;10.549572731487734;31.19449164097047
C;9.812723367123331;14.707465820179731
B;12.126465298957312;29.114752452994885
C;9.121380833752369;29.18743808121052
A;8.607799227958907;9.991945387967684
A;10.185715994544006;21.148104590807357
C;10.828281048004547;23.84189940176591
D;11.269372477916974;23.560670628273275
A;12.696317861507971;26.9582902027844
E;10.690524507455063;25.84533909244902
C;8.113210130862202;19.17618512999097
D;9.920559725404184;28.91348426389589
C;13.156642006367406;24.794228081070326
B;8.07238353391245;23.442504711448713
A;9.005340093076592;30.396791411257993
B;11.483103798296195;13.357098539081152
B;3.387388360837429;23.873443045811413
A;10.504161441263724;19.644629685724034
A;11.321695053467273;25.548462859050925
B;11.622241772544763;19.909151532216324
A;10.512205164718143;31.585290867009217
B;10.728036891267994;22.24747579409955
A;8.922469482911223;25.89552534753959
A;9.690591273925595;21.8245836157803
D;9.907429544610785;17.26377867059987
B;11.640127110216378;20.244826199493378
C;10.767404097554532;18.05877758148765
A;9.443121665483098;19.818117246078454
A;11.373653133698493;22.260664086325225
B;8.953452326704562;20.866215858446857
C;6.864696857399333;31.92149734766111
D;9.421639609168109;10.216055635328932
C;12.040769197058287;23.344209170497276
B;10.939374497562369;19.96720945395324
A;9.294633066857058;20.73444684597265
C;11.827218794480219;33.628238208985536
C;11.145889180905822;24.286500334079875
B;10.212850557047213;19.671943543262692
A;10.612007866396587;20.269508846811338
D;9.731953592502109;17.662913794984902
A;10.509939645632251;10.585917232760595
E;7.469462962168139;33.13623164400639
D;9.186671777795016;30.69484370845143
B;8.56614491106916;16.52373819709988
D;10.733055943986555;12.603522575709157
A;9.630182523237217;16.082816301326762
B;7.408964797529423;19.107232230256184
D;10.693662606664706;29.831169046146286
B;9.753501356952668;27.873866137263242
C;10.056269421786004;23.011177303566328
B;8.481540069253661;22.59227416367604
C;8.69149698414142;14.164216931854687
B;13.681868929288253;19.852844990914004
C;7.151964640468453;24.838063320327628
A;10.080439398726005;17.866893257563017
C;8.155134722142005;19.53142469630884
D;13.004536891134439;29.782013663966502
B;12.805038685932786;26.13704259153915
A;14.163941210621335;22.13704805921476
B;12.907525043903984;11.916082747759509
B;7.159579856802138;21.92606010234023
B;8.22486123663292;7.944860299313827
A;9.969626982554624;10.793704405986693
A;9.127958192355248;15.086572191316884
B;6.967242109048234;25.339715547195382
C;9.278152425668113;13.608111006572571
D;9.550321579165468;21.16925514104655
B;8.768314549042273;27.022700338218172
B;11.49468039111251;15.57890831867105
E;10.226529787880386;25.726121400973902
B;10.223597574942396;17.247582780220625
A;8.063130872306703;14.766597399967162
A;10.857969380587333;22.749481687002415
E;7.26223433932044;16.445678289087503
A;8.750397411612544;20.94217102744169
B;7.92806662548752;35.82339436074434
B;8.873540143290331;11.863153079244269
B;8.562443390355266;35.58860940839423
A;9.873815818370852;11.19834016145481
E;9.133373206343414;1.8382727774005652
E;9.29570068697149;21.544657235310332
B;8.975975038513761;21.276679772130354
E;11.479563284993826;19.377287654822396
B;10.4895947730175;28.40877238455774
A;11.472718980793047;23.31342061775686
B;8.862671199653063;14.614867135299786
E;10.40453319361363;20.504194431694547
A;7.7574817523246935;28.63479678450688
B;13.621317676695652;25.340406790511693
B;10.192604282276253;20.88982926243692
C;9.875663752520875;25.79244078825333
B;10.653984460684446;28.13123703058405
C;7.656319655994303;12.13615673711424
D;11.01372391650171;9.484265238883193
B;8.186241702514197;23.40164156287135
E;11.764520876805117;30.333716389400426
B;12.236961976331372;25.68304119807229
B;12.299119794727932;23.647689769992372
A;7.64847395832946;16.991742205025773
B;13.252391923789329;8.88414912880191
C;7.477480157410454;24.93657602327959
B;9.168482122764376;18.075674770659408
A;8.405363310624733;19.560940671418365
B;6.04197422162894;16.711989273639936
C;8.010670366157065;6.591207758761723
B;10.491142580074769;18.349756568118273
B;10.09120465120337;29.179673174162247
B;9.449865389463813;20.62213710176387
A;8.934057341830043;22.06019117925398
B;8.190107432490585;23.3905967781279
E;12.562620504086894;19.160148658599585
A;9.542343546941217;14.45813856650777
C;7.993114644548122;27.209484866273872
A;9.395631134116112;22.659720785391272
E;12.951807170786985;28.69173403479585
A;8.632289859601174;21.60384550830535
A;6.866737889583312;18.80768893438468
D;13.20862360478779;24.61830164899293
E;8.915209456095843;7.121182954140357
A;10.384633338150957;16.949391519333133
E;11.90019112371401;27.21658716244432
A;8.674698915056753;23.219870662953507
B;11.0649306962438;21.449836857653988
D;14.516375189276935;7.483836717026552
A;11.593975344130312;20.01276768039275
D;9.174595334884893;19.00508601227606
E;12.069049345556857;19.936792489074183
B;13.477050888037684;25.011924831698092
D;7.350302190961755;21.86903822525394
B;10.231678626251341;27.301860377453004
D;11.664122975055356;10.410026778880257
B;9.05371190767017;18.880529897830773
B;9.33288039111551;25.723209358727136
C;10.101528796047266;16.07828271192689
C;11.473935764183619;21.41561638944523
A;9.229217151117261;23.29130055831723
D;8.120254561786378;33.543743218638085
C;5.035040008473021;23.179537138605387
A;9.694033263854411;12.633539144890829
B;11.886103833599668;12.79309441079792
B;8.355032045639268;20.974684864145637
E;12.75805693987284;25.92896469177141
B;7.611647258287427;19.028261030852338
B;8.098889041111292;28.828878396237105
B;10.230663737361564;21.67749160713363
A;9.230316076117985;15.229222120436933
E;12.09356613313724;31.900429570340492
E;8.474525758350595;21.37425098206516
C;7.817769278688725;26.837394341067473
C;6.962722831277243;17.537052390160046
D;11.744554890584455;20.98656519838808
C;13.04126528086747;23.50542664656941
B;8.906141519486091;18.372339120600344
A;11.264295460477834;18.851267750605953
B;10.148122877402862;25.39599017719093
B;12.780019414280385;17.850023190171864
C;10.69553512137712;16.121089374136755
B;10.105786209637047;18.052681981307586
A;5.833138032438718;25.244922474368483
D;10.907311518432634;28.206029308788835
A;6.158064952891161;19.670901486657023
D;8.33311388420876;6.144521216777912
E;9.994321911892387;16.230976480347902
A;11.544399120648443;20.4020042594062
A;9.430311877565245;23.866891180317054
B;12.541740798137486;29.92992983583123
A;10.482839888570048;9.217795608906151
A;9.896587476475226;10.014431828902882
B;10.296481739390323;21.06818104050611
C;11.658378216200454;27.568410509822698
A;10.981621051686256;28.30324174857265
A;10.787143731859462;2.287584311315598
B;9.494437776382972;40.88105687465394
B;7.335471702686986;19.2685311516305
B;8.676572252778126;21.44362057818847
E;10.293053787800122;28.074436838527042
B;8.292316497165698;30.94178321215933
E;8.905651668447955;19.296955605940436
D;9.46837714082907;17.95463786077688
D;13.052086213135347;27.5894971416016
E;10.052116177544292;30.206594715300866
C;11.990452836749265;20.87813606847193
C;10.193877394974933;29.283670907389745
B;10.407750545448835;20.200222452056817
E;7.814779885988796;15.712864440574949
D;12.753146064664733;14.380093630414342
E;7.323978254854368;17.014694380941318
C;9.320937120328335;17.890177418339505
B;7.332754444780441;30.182511397235743
B;9.595964174107916;23.96807713686225
A;10.024803851633934;21.499666879152816
C;10.154699647627606;25.157196183868106
B;13.582783603854455;38.12064821119091
C;11.956651837629437;18.643457568227817
A;10.983618390171653;28.960302764280105
C;8.140458456161392;9.03702698707495
C;6.462225923184592;13.772896466626863
A;9.090381121965468;18.380497828061355
B;12.04802870316416;17.158583894681126
D;9.763243066834976;17.926558478039773
C;10.04045607764058;21.455032117328305
C;9.032774190499218;14.691954018965522
A;9.1696722815778;17.399952823567453
A;8.084473936876146;13.049496772927533
B;10.729173031332241;21.623962350614743
A;13.54372465574092;28.853869282015694
C;10.028388048427248;20.808199402346265
A;9.151259535161483;26.07898250990159
A;10.176663761266388;14.903777691134119
B;12.747591944354408;18.14521606491896
A;9.036215306229062;23.010675368397877
C;11.647000900026717;11.302529230476024
C;13.594250577942743;17.73404005489025
B;8.87035966477638;12.423269960668305
B;10.257482386035667;18.613260410557757
D;11.176920277504689;24.01174412025813
E;11.692374961548936;20.066241219337407
B;12.438630657276079;15.172378709958366
B;8.79033616900893;29.85045454250202
E;12.476851035463415;21.528469802145526
B;7.218233520768431;19.10847120788501
E;7.342061614758142;21.466831141898737
B;12.425007221091258;15.786233460982956
A;11.08949094649704;20.141850356502577
C;10.089957608590387;24.539114259942906
A;6.246509732763336;10.296553878815065
A;7.9789863776243415;21.72271900235773
B;10.732900514721809;17.422264663726757
E;10.544684287701013;16.405374057904965
A;11.18179815136868;20.832038009011175
B;10.139852361741998;25.305229865962016
B;11.489667766875739;35.73899310535662
A;10.827020723935679;22.787381125220953
E;12.132107889296018;26.754158935186098
B;8.43640902569581;18.596417378795703
A;13.08503093809316;37.17166663442566
D;7.296683544138965;31.276032427626106
B;8.680132298112502;18.643145124123723
A;7.9033503778983025;21.747653831529355
C;9.896735002874154;24.488568839245033
C;10.801078290208585;16.331106731413513
E;8.894887171063534;24.155526684145382
B;12.48941321414596;22.809481143332516
E;6.593898862369454;21.64980321058713
C;14.015924942010127;23.777228459987107
E;9.93812943629536;22.147170998005613
B;12.141301541459224;11.416450222289342
C;9.439923735783204;27.90948428987132
E;8.338439604184495;10.50132607894144
C;11.236852460610686;25.86836390641187
A;9.27902107311605;19.83933680618494
B;8.294641530365531;30.663679938706032
B;11.468926840921277;21.877259382552637
C;13.082364584591208;19.926243061695274
A;9.380554421930226;25.093497939017013
B;14.717545868312396;17.815284996472844
A;8.469958536379346;24.958066854782004
D;6.314907438279243;14.44700431036335
B;6.919726212632051;16.265393830761152
D;15.211163679931094;20.135157342913413
A;8.796680567722264;16.54239717213256
B;10.858844918484047;18.73372069750357
B;5.24363748868973;19.079941940161287
B;11.687211744160264;13.485557631615844
E;8.887077356613446;12.81379684365018
B;8.016846059240953;24.796805804730592
A;10.353518187238738;23.385061196206845
B;4.710188287704493;26.41340749814419
A;9.767716667699633;19.763688686942782
B;10.207719097957341;27.572972333526558
C;9.909070622256868;16.682719065888467
B;9.187029501380731;24.878521150761358
B;5.553448832027337;31.92147237409023
C;9.367757808422473;24.0827941851504
A;11.234188505887401;18.12568419407739
B;9.01544480641094;18.153512468653908
A;10.77989982088887;28.4537373132158
C;7.417628309327826;26.184139925998632
B;9.487042735393631;19.946001326686787
B;9.122190891798017;19.287536796662355
A;10.436984699216449;20.569652060201395
B;10.610801761458516;18.62869198407206
B;11.454590549244392;16.819203483198862
B;11.211646993602514;20.822432404864593
C;11.351987479466548;28.51983361703912
C;13.574278522256513;25.044918445276313
E;9.785509377106747;14.874469890937895
B;9.38411709154071;13.731200971864338
A;11.319546607426185;32.173972897761246
B;13.510022124473952;20.945928767066796
E;11.153355973537952;19.446885701820413
E;8.12721341792581;31.639377175536264
D;11.66756746725811;9.517161503258066
A;14.027604252238184;25.48656546984195
A;10.258417708735033;14.984512035203622
C;5.999969918740449;27.484600388032643
D;6.763485357149317;16.367127229326535
A;6.904306176488938;23.1469869119853
B;9.58573392147606;30.127428977309577
B;8.357339060227403;17.41446816213536
C;10.078529414282336;11.491748507796625
B;11.389424598014356;23.063130726803717
B;7.145109140760628;27.481165232055734
A;5.977422683239724;27.914332681607632
A;10.804010611987646;17.18955645159311
B;11.581433008701884;14.760989277738666
D;9.440613322494771;24.326660274212305
B;10.053319552032496;15.195637235975457
B;7.336631898844027;13.186943679385667
B;8.887367625194086;29.42693907691637
B;8.492431854675461;22.30772416246124
A;9.884926835719352;15.813519946173685
C;7.183469474757608;35.358317533127476
B;7.568530356010616;21.429833023681553
E;8.98952034381555;32.36539869742869
A;8.459339814189944;31.8264187053527
A;11.610895073524109;25.65480824819309
A;7.41535938879816;23.427479012455308
A;6.620465585349315;12.745520727692707
B;8.941048333822923;15.723673222848745
B;10.394546887979624;10.158480723622992
C;8.862537474145114;21.424568980649916
E;7.030059253560527;14.908507560818057
B;11.267054586918995;24.02836051104689
A;10.265192032334035;18.19313121891612
A;14.237590014902558;23.18176471640842
A;12.270374328156993;18.43745725326131
B;9.127426294731174;26.054875451257477
B;10.759484190598135;14.943297451254795
B;11.953143856476986;13.617114639006989
A;7.762380582412569;27.936626755303607
B;11.025009594608695;19.773214239727388
B;10.35746634596475;27.455207660869902
B;10.046601173482063;18.478266765068998
A;12.372052433366473;22.25584135401755
A;9.060430882072414;29.049550799392136
A;8.585339807762226;15.07421448159316
B;9.519205614810458;16.3869210077984
B;10.445700997118648;20.36938457965247
A;9.237762099279363;25.0774575094979
A;9.403180300475535;27.3145597243774
A;12.358714466336703;23.293543442232792
C;11.294970590468344;31.063679852563624
D;11.368208529676105;13.956575318908854
C;8.132729790431926;19.163863331284904
E;8.952371259144403;26.2901820277781
B;11.777852235735065;30.43953933984125
A;10.86117083519998;29.278145636661556
C;8.566012510059778;26.60454902558918
A;8.559672402290326;21.391392034170398
C;11.010923747577483;27.005178946456216
E;9.558052604227747;21.41029923065393
A;10.075739582463788;22.477326446987576
C;8.209095725658615;26.554857358718003
B;7.8339141732343816;19.606861775999246
A;12.27181583886235;18.05655150948882
B;9.82755888848177;24.42228128500573
B;8.425816816596106;15.774463336740446
C;9.315646167919109;23.90767232257297
A;7.503508289232563;27.791975048351976
C;10.932847299172712;10.218991643619539
B;8.893324842542567;32.50112995984206
E;11.581053013479272;18.71057976805458
B;9.259199223078491;21.530475157743382
E;9.444800213040837;22.692515548935887
E;7.55190285985442;20.251311388268828
D;12.183963774648921;16.30724347335164
B;9.62858763011835;14.687753084966978
B;12.583418335903843;24.178515191651602
C;10.181606966784603;20.417544950403197
B;9.660120282884527;20.113526676772064
A;10.260505696662856;20.23072045641524
A;8.41181398443425;21.559009284197128
A;12.092582296839959;15.389004322715284
B;9.16925645486088;12.797376569504046
E;9.94844542731768;13.950991129607269
B;9.283463638009987;27.247707435259354
C;10.66414625333549;16.80084592817657
B;12.478087362147656;0.765759350534875
B;9.308782212954707;19.78499963319697
B;11.15568364531452;28.570930446362894
E;11.52263608746702;16.685269295436598
A;10.083063113746674;28.848082170570045
B;10.395533101733955;35.35999376601846
E;7.516156426672804;16.021076224196285
B;9.18580919557925;17.609825375224332
D;11.561189786228228;19.176623676811413
B;8.294067134788234;9.97817104543814
A;9.793618612664492;16.99941378204396
E;4.9490298575092515;19.362201590415935
A;10.235091285720186;23.56320100704341
C;10.389529624511287;22.641371287987894
A;10.440529922018511;16.24504211819687
B;8.935271043005937;22.42162978060388
E;13.836421884163078;22.20958141705097
A;11.809657065715857;23.453115976408235
B;11.542094647812037;15.987453169038172
C;9.7985084186314;28.828459988233163
E;6.517471111379702;20.828113788553928
A;9.54953688441824;25.462276576133572
B;9.396175744315828;25.244691988230457
A;11.348729197532446;14.8109119310839
B;8.428050707872979;27.1638556015687
A;12.49453264438105;14.006155793920335
B;9.669089196257813;25.544376638274805
A;8.293059514547847;22.48154334353725
B;11.039021160269593;26.895792374806582
B;13.080502176189;21.620384582632788
A;8.164561932960956;15.677357937254051
A;10.177328329278797;29.749298183977814
B;12.922766822418785;11.488209045732432
B;9.266499149698797;25.02952922446657
B;12.288517473326579;23.57450921918097
A;11.289072476683899;34.411832587590844
B;8.35806424591114;16.03365288603268
B;9.89864244792553;24.935857314611564
E;10.206010624248915;20.158618277493332
A;7.306137230183843;21.79830250531103
B;9.515491672671887;21.38980787924814
A;11.020195724910938;14.464915398914277
A;6.945276811616246;22.134503343239473
B;11.91483885935745;16.22093439082244
D;7.080401911877255;22.186727958525765
C;12.054952587280855;2.0414361802666647
D;5.799758105363633;23.97388450001888
C;12.657900106336147;25.07714967915173
B;7.676216012488471;25.53485348322281
B;9.594286321961855;15.223328250700195
A;11.921080660242422;15.378661271360082
A;9.046300655019635;36.04519687230033
A;7.011950349188838;37.5031271105819
B;10.024364795636064;14.921842311766031
A;7.696264607860069;25.634983269006337
C;6.538959588072725;21.66551641808092
B;6.874691783829708;27.665752808472046
A;11.059719194750917;19.99328642365233
B;7.08044248490083;15.647114874492585
B;8.576206591013428;31.951317143072153
B;11.0022665160487;16.467436820881094
B;10.97375017517489;15.643490034014578
C;11.591341352050993;17.94613623849682
A;10.912677950430108;24.597989991336963
E;10.002832110338025;19.676992221620637
A;10.958377331343025;14.225853156980465
B;10.095434551092078;29.226934727044195
B;8.878429762627293;28.21062625234928
E;8.008437728376432;23.420222429476187
A;9.464142589704124;12.48962753588045
B;11.70535150856798;31.683921996346843
C;7.658169018113635;15.243133474518292
A;8.973524609627914;19.759345266522086
B;9.933519391504019;12.09365309123068
B;9.348585712589788;12.65953107369138
D;9.287953533484915;22.92218546319562
C;8.100349755212795;21.671236584845197
E;9.949477512663472;27.98193326842145
C;10.546207481778424;17.008482486653836
B;11.362358521181331;3.0612366947383975
E;12.901978844554932;32.95179507437372
B;8.131163008395673;24.456276097458364
B;9.807886597882783;11.77265776740594
B;11.892347524242599;18.872549132684604
A;7.28266606509677;22.080813347440913
B;10.619525027487477;17.072880286455863
E;10.90226069259368;17.905856851782797
C;10.49328646804349;15.767058301338096
B;7.172541414229956;18.645802935899106
A;12.670531009948903;15.68753322827235
B;10.009774532451617;24.886416609048787
C;11.823479764291426;30.478224338883557
A;9.933176740508376;20.35806418020423
B;10.801787986371078;12.985278303240179
A;9.596957374159526;13.545002719498456
D;10.27426118276735;14.733356616269631
B;10.911304540952539;32.139050903089995
D;10.586284659478899;26.69009449885097
E;8.510653317887721;27.56849723327797
D;12.179173611872134;23.33910627125092
B;12.34064153661022;18.642016686564943
B;13.700008229822757;23.628901998485027
B;10.076209233821421;11.345242566572118
A;9.624733145118453;20.413765102467252
D;7.721326788795304;22.619250791139066
B;9.882743728203355;16.159707015545152
B;9.566791957841286;14.417466084076104
E;8.34406245305783;19.130744752713575
A;11.469319620702166;24.590033507377747
B;8.902054081642675;21.765776343976594
A;9.140661906862876;27.29574022870925
C;9.799455272497067;11.831677240332901
A;9.30600994283823;15.935117408283345
C;12.09560455422539;19.74142606796955
E;9.597189791759188;29.30978241974941
B;8.540948369394714;13.150404659112336
C;10.965889101559583;12.351372060182982
D;10.4840275788014;17.183736968734113
B;14.946600635922925;28.411893746179622
B;11.552954949789495;26.700823079270222
B;9.118992272077744;16.94125906836605
A;12.437352679636632;26.006815534363895
A;11.727976012605662;23.597935759571072
A;8.45020815567893;16.658939765691915
B;10.691142014940883;20.829290323397416
B;11.129525253167705;24.71662432220803
E;7.514028881803006;26.269801725162925
A;9.356627834695235;23.047160314863596
A;14.497460857847683;13.650478386734523
B;9.211976096494482;23.060968744459025
E;8.41508612895053;25.55083378716023
A;11.16610138488713;15.931772859416032
A;8.031136060374504;23.813828706563825
B;9.84085158344891;18.936082072176685
E;12.153276266613727;38.270811755216144
A;11.38062118008623;33.20021668556977
E;4.277723641094159;8.640046104246144
B;8.146527656194536;25.71570115633422
B;8.125745211064034;24.922536030483645
B;8.733852843831501;21.645999027418036
C;6.423849611459504;8.40906592120501
C;8.823948639358072;13.491617198659867
B;8.181374563989854;22.090261132370195
C;11.732423372195738;12.205274878712197
B;11.25341423640856;8.264546781347763
B;7.451349125855536;24.498695627117975
B;7.647638666356866;21.640037338798912
B;8.744021960395706;15.784042946648599
C;9.842764562890165;26.896789806612972
A;7.934433714137868;18.834714962218634
C;13.706609813273328;14.777788050561291
A;8.648183376553582;27.315494721841617
C;12.150471125719307;13.319376984683121
D;10.029919790071393;28.884736918577303
A;9.510520650301277;16.043077647073126
A;11.085980684750034;33.590885710245516
A;12.026720864632075;23.5913001354897
A;9.298027105015745;31.91319908936993
E;5.970132885760286;26.085181044141088
C;8.196905938674977;7.390166170743935
B;8.522198197847054;18.506554938583257
E;9.560472738954266;29.630057521427855
B;9.644203421317384;19.476739654411322
C;11.360959573699837;14.226619221431969
A;8.465993034144601;6.320554344321149
B;7.388425081395566;18.145069900779788
A;10.350721068136805;23.71525027866102
C;7.959645646150957;13.61820426732881
B;7.616675324276506;16.115927398304255
B;9.688880429364106;30.422370786010823
B;7.635313225861895;10.049243796133615
E;12.765800314907626;15.152687432089376
A;9.123226961069152;23.74814959032165
B;11.263339371955901;23.063895373513745
E;9.8344306443193;23.028832869323423
D;8.684870446509718;20.478031550970368
B;5.996422764845948;30.272659112093038
B;11.361988630000448;22.805343749498924
A;7.320617816888248;23.75555737728049
E;11.133866331000837;22.10098077873953
A;8.752893454819748;25.841236578596313
B;9.491573149067642;22.320969127201373
C;6.246914790310219;27.37043572736322
A;10.456882997967966;24.213592062197964
A;7.437435674942006;19.46619838428787
D;10.305514847477664;27.821188547922127
E;11.633165560285631;11.136580783969196
C;10.164653674231822;23.816369907779812
D;7.1052954662168695;26.5426561406498
B;7.550676138198817;17.667770466329504
A;9.707111458467562;32.290933595362986
A;8.01567200855335;13.406327656111412
A;9.70982644112251;23.014056257009436
A;12.648629004993765;18.440414290347736
B;8.80423042058383;18.135051728650897
B;9.569578065302741;19.7452519354594
C;9.932552314696116;15.355918910232479
A;8.897862312536445;29.93777326774132
B;11.923839874273055;20.368068629343092
C;8.132044559433067;6.237029145168561
C;12.054746933350739;27.122820277380768
C;8.108936499658647;21.599690964909875
A;8.043027477165547;14.040298874668615
B;5.8112125363341915;9.957088730553211
A;10.515908475343247;16.095770978699115
A;9.683364395696207;20.6971994845469
B;13.524509221725513;21.747409732499808
C;10.821826000744176;25.88075053678042
B;7.894460103542458;19.287891310198592
B;12.479477420070921;23.83147789797644
A;6.18716568137782;13.35682120139571
D;10.207383943223611;14.685303160205045
A;9.882445677953424;19.7491692369755
E;9.830033249110596;16.623224733470636
B;11.03971504047501;16.467557351686622
B;10.59185200430083;21.711872601973567
A;10.977385404417255;6.422645370657376
C;9.704348573372476;18.62171122048147
B;11.750058241156445;28.060486831569907
A;11.322404696486146;28.971936860480106
B;11.288565305607237;16.26227984264494
E;10.738217318111714;17.94834724110876
A;10.715446007560955;21.868290150194696
B;9.72257624157652;12.691601041792447
D;11.60407418848602;19.907992114496015
A;10.737426563923727;19.385000508646186
E;8.700095860814685;14.93907961079088
B;8.53081859448508;29.033669431896072
B;11.353154196882027;23.333121169324652
D;7.951753905470861;16.687136939492458
A;9.146062511512808;13.73770452300771
C;11.746614272449067;13.480188481097255
A;8.877302343784148;34.68228803269592
E;10.094968292108911;9.014789235562818
B;7.090876099859711;18.360596111554944
C;7.602201212384052;12.69151952468256
B;9.559732035937236;25.380917243077263
B;11.098695755024751;14.382244957808817
D;10.348670653085867;12.776159865739508
B;7.649657861099575;31.58387743228584
D;10.404370582146008;17.54075695643329
B;12.267362206139243;14.557597691433717
A;11.848312531441062;19.590932250821265
D;11.471642049232871;23.193710700083464
D;10.964947355995829;19.459018065059663
B;12.119628929364916;23.594589742981814
A;10.113635473028355;20.43853593644253
A;7.319352761705083;17.826210719263816
B;10.975766910883527;21.983748527195107
C;11.540098421496122;15.097299190145222
B;10.380855733104084;24.186580785513577
D;10.541418236802796;30.59601838291851
C;7.1669492044916385;31.11951506528212
E;12.444312092097528;20.995580593329084
C;6.030419087373712;20.625628558889513
B;11.119379972585108;20.85665672189047
C;12.148095821475785;20.68790639327501
A;9.124256769404251;19.297915053506408
A;12.998663935871322;17.608005612937692
C;7.886916194397186;24.178806947017186
B;11.31166645045335;13.332585630642928
A;7.114949454358394;24.400820728459145
B;8.476250261422106;15.855170202744272
C;9.347432693468736;19.883547239154336
E;8.663214196173673;13.525594621253365
A;9.116528209356852;26.163953535397773
E;10.907304280302197;20.713081930925448
B;9.130866448610519;23.558660864228194
A;9.0322165477539;21.80794433408625
B;9.8355932792573;24.394294931585122
D;10.80428553860139;29.0040496041702
C;7.853402236053715;23.134054985376807
B;9.67085604021813;7.011513280237903
B;9.527489177197733;23.589276883907505
B;11.108211113436758;8.919286609898867
C;8.891607849120714;15.378009944204171
A;14.665979630068327;28.11293937296557
B;10.669656385365004;30.00858016105581
B;13.010721921530559;34.5117832003304
C;8.367399265751207;18.563020214282446
A;9.231715760751644;14.746591904367317
B;10.65165166197491;13.77174249485471
D;6.470101589031135;20.54253439132998
A;7.00504352629745;30.76826873943779
C;9.164177652252468;12.878322666960214
C;8.182531100027465;15.54615004768933
A;11.165784011126679;20.116616268375346
C;9.799197057318567;26.314420063580577
B;11.769842480746757;0.0009227307204291435
A;9.610047464835425;18.005877677949243
B;7.143839563565591;22.01455073829538
A;8.585613567169304;22.715560237290166
D;9.51431437774607;24.708843686694813
A;11.87435817448839;18.046280332136615
A;8.372271495975564;35.99857446163072
B;8.53419476702455;14.648714031530748
B;12.914388128488419;20.524050689127808
B;10.207356682380208;21.065973138183583
A;9.940898262349348;17.669744788639342
D;12.77851367915806;9.452042313338497
C;11.67715559300488;18.711317066216797
B;10.06099210539357;30.75103605889163
B;9.769402331095446;18.81394126600623
B;10.597426745890704;25.40614661460191
B;12.292164428439673;33.87690600039172
B;11.242209699863395;26.75586564851855
B;7.652473287281222;23.201945383835508
C;9.769364860159115;25.74800416367731
B;10.627032665927619;24.084794751878903
B;12.395636886876996;18.61094324977838
A;10.045193700895862;13.912659891733721
B;10.281957495283917;20.75287204115161
A;10.88595743817385;22.715220264228314
B;8.059181998310468;17.664341486271834
E;9.98168785911267;26.935485095317002
C;13.338641530031294;17.787367139916253
B;9.098255090156226;11.524670891816124
C;7.35011003305439;15.444290790623922
C;10.65001211692924;27.26269061688531
C;10.265130275396421;12.67145803879757
A;8.17017702229054;22.354115572726858
D;8.471448632025552;13.120051188674621
A;9.300056189804607;20.382405976781833
A;10.598066107142602;17.62252901709865
B;9.47857281856886;16.959826387637456
A;10.332713252402467;20.568871100445634
A;12.319477915245603;24.547233952623902
E;12.41819356982911;22.549518342541944
C;10.17217552069164;19.816242187184624
A;9.108586165830033;12.015005508466487
C;10.981537360880555;14.17817516849119
B;11.937966289467761;24.329789707230177
A;9.493118158474411;28.720193685180394
A;11.544968112057434;21.592357122943046
B;7.208491134298544;26.170481629450023
E;9.0192089659309;21.53030775205766
B;10.290724534216167;5.363627042901557
D;11.098788394432349;12.557771526192935
B;6.893497315336685;28.557089796269935
A;7.9568698052848585;23.086591783775564
C;7.5374348744228525;41.34149130458241
D;10.808167614201219;22.45496152622575
D;11.66937423070605;30.409389226924876
B;9.175835265620593;8.892562746954832
A;10.921902390292754;28.378685425524306
B;9.10203983750333;19.40446575869475
A;10.440070570563933;19.475669900854015
A;6.860453838494313;29.933413717992536
B;12.195458761243703;12.237539600459984
A;9.960426004970886;19.4289443067213
C;6.744370779829298;23.711469366803318
D;11.302214634082238;20.29795672738483
E;6.6613334800262045;24.629555202041974
C;10.18713700829381;10.19426126481317
B;9.407069605853234;20.37601403366835
B;11.670058885484718;10.732756662295818
D;8.222792651702225;27.593408669858913
C;8.109989073540108;13.35282828384239
D;6.58128227968673;29.511788283208674
C;9.718005844615076;18.87230523151608
D;8.977034135522855;15.96615353685318
A;8.310690427290403;28.36059876315635
A;7.178208752757185;16.855077552969043
A;11.024489462470484;26.474253202675413
B;8.614123352199181;18.449149011909977
B;12.549077769577;23.25070183171325
E;8.561427017542206;25.616658854285436
B;13.295158491811577;24.059242679992167
B;10.46360644951509;13.591852027485682
A;8.90615431598668;28.115634347783086
E;9.69204890212263;26.46159186276738
A;9.975672000679486;16.095531567762386
C;13.49017986114083;16.689257010978146
B;8.189372473487776;29.303726299039973
B;7.600537900919603;15.541013020164662
B;8.650415192759048;29.16631408133714
C;9.868649756675577;27.38052621654568
A;12.360314722931193;33.33494954526723
A;12.8870183753478;18.386539073237557
B;5.1980953427242165;21.965249435807966
A;12.493145152576911;17.68535302047677
B;12.723618719257752;33.82616352720097
B;6.697812441489622;26.747052590408657
B;10.763180146122089;20.702543797278754
E;12.342922180281866;22.803730768466394
B;10.185188278715172;19.482158769231013
A;10.388591626568953;26.184019121853378
A;8.208961039583684;23.20963502836877
A;11.010802663756973;23.595655555745104
B;9.942408219850092;20.844390178431613
C;8.611094811856159;32.805953546024085
B;10.189315799795708;18.09606670166263
E;11.367219546752922;22.494360629258164
C;7.534861591401749;27.897360092829857
D;11.006158826858327;23.34126665347725
E;7.820604122635296;17.70750003272128
A;5.705165767067868;28.995421339900755
B;10.88011443364125;22.79612692489514
A;8.860764914630174;26.18699906892764
D;13.791946461068827;18.378795496592307
C;12.686447807305308;22.578233812781164
C;13.238769633868825;24.87366466061266
B;11.209198072261724;16.14076402300607
D;8.799672883979264;15.763044485068772
B;9.562352853556959;11.536143188192614
B;10.761820157014096;23.527466475857047
B;11.294069161724215;11.66142297797944
A;12.81038955982976;18.801312891382405
A;12.407206648394958;17.079182740876533
B;9.57680123330023;14.47566346068325
B;13.012009055127018;11.31578295394223
C;7.4856245634703615;21.6290319447795
A;7.890827291437794;31.550511468600185
A;10.653215492406035;11.96791725566875
B;9.484356458800624;19.72422593807445
C;9.537513828818515;14.95584732693159
A;11.441667609051832;18.289397639844665
B;7.776750347963723;22.861043127879213
B;11.727104719513207;12.702075526310182
A;8.773032730923095;11.51515363546959
B;8.57515625189722;27.512971913129803
E;13.233843233560012;14.73062187646661
B;12.376337979396569;25.013538651583506
D;8.13675441651902;21.273495009250972
E;12.434821172469402;19.537273101108482
C;9.629651866815406;27.041292916870546
E;7.314672738309895;11.70213305690785
B;10.216933409826765;26.022387917972814
A;9.236828280423127;17.098598548999906
C;12.029845074500553;11.87265204994978
A;11.569547021079549;44.16585915392663
C;11.399388277442016;36.282607324131
A;8.144750888181445;32.89779315836218
A;11.50559807984758;32.55091893923769
C;11.137829742950643;13.952935488918097
A;12.065049617710253;4.803043006386391
C;13.001644959627699;21.78395187543697
A;9.380412865183784;26.50225108304643
E;8.83932278831988;15.585900971458633
E;9.664154649465079;23.512572922501224
B;8.759446735202157;24.24717524569394
B;9.960825413952369;30.05271010299452
C;9.799750601485588;27.42109593589349
A;11.215536721528817;19.179172836382048
B;10.538876500020526;18.275285316981375
A;10.584522474010429;29.734764366067203
D;12.188449991946968;23.08578589894288
B;11.978348247506677;24.820929300007187
B;10.641861048983612;7.7688610421091
B;8.9667423317773;7.1179240517677
B;7.987058648780156;10.758583260051138
A;7.962107881752818;29.147530533293818
B;9.114868549586232;18.027460551107254
A;9.18327798289771;19.484904492807647
A;9.250434801027625;15.417641947214243
B;10.504438040742523;19.73444573363575
A;10.24818429670049;15.607360220256705
C;9.12900960813466;28.26414003954645
E;8.122470312898951;35.006811426806486
A;9.383707280248572;15.106481309935821
B;10.443251643695262;14.448728097236085
E;9.607737747501243;14.3434315818395
A;11.642723785432908;24.4845486385441
C;10.321301689921398;19.08361373746819
D;9.879994405875623;12.178736813715743
A;8.803511957129748;27.669586923328882
A;9.956891118959732;1.4837486597855118
D;10.109857084433157;22.60165512764209
C;7.924129580256661;27.0873181077374
A;6.721440072757523;14.021253004231642
A;9.154154978932022;32.0242398717274
B;12.43514147972905;21.46989188392728
B;12.523389077475802;18.85882823082833
B;10.673706373844997;18.95394730508461
E;10.916186168638017;17.414329286744056
A;10.27793484760414;18.923791992411665
B;7.7777714552602815;17.79960184197076
D;8.24223351778833;7.409162105225851
B;12.16594693799561;27.989898633345387
E;8.426828821355972;24.837877085200866
A;9.017148943686365;15.638085145614932
B;7.377117235773861;27.704030130029366
B;8.446572239958321;29.073563298600476
B;9.617329738842999;22.51855674667794
B;8.774701307513446;19.632942174626358
D;9.146009033153723;11.12776809120398
B;10.529544373969104;10.886563557657219
B;7.474821601030728;21.83375569901681
A;11.223941097771418;13.787457286954673
C;8.112239376589429;19.434584940479446
A;9.147143591672098;29.766875618646704
A;12.543551117944602;12.578049884709955
D;10.98813421710964;21.909471713049253
B;9.523189055977662;21.610830320303766
C;10.238370014391453;20.942617808307197
A;8.418530615872031;15.313955157533627
D;6.2582075897702865;25.104386543438302
C;12.104694011130082;20.366177049288492
A;9.82342474540699;1.1401947211639225
E;7.535572762097988;16.269208759069794
B;7.81535097864492;14.04235148792008
A;10.148164691043808;20.969698759141327
E;9.583947522642179;9.27233863757095
A;12.206153299622805;21.119056176682278
B;11.008511943826514;25.24795667421013
A;9.603212338406687;10.669941611364392
B;9.746109446880235;18.716170668119613
B;11.670812696456306;21.58752188828378
B;5.962033085627819;15.809043232228284
B;11.050991136035755;30.49504463929115
A;12.760900483525816;28.701219213718083
A;6.1464593765275755;25.30229137653668
B;8.452262378377116;13.045170926259896
B;9.306923514268902;16.497213206366027
A;10.761592472375344;23.03025406521729
A;6.165781327853826;18.37349774957106
A;9.519303320095153;17.64150955257884
E;9.521155839159054;26.456439293860797
B;10.654402802366082;18.122107454709816
A;8.401419063810675;9.996351973875829
C;9.094894781793538;20.77313902477585
A;9.98867039222115;21.10851026031718
A;10.793549600696432;21.0075383219688
E;8.931649048055966;20.999463398736243
B;11.586661962529515;11.02918778750877
A;7.050843264594991;22.166278289536887
E;9.028666917618729;22.490523374059244
D;13.094229758298427;15.779942939510423
C;11.972999229077372;12.596133968669955
B;7.522110362744385;14.145670682471476
A;11.137695774058978;20.23506965736666
C;8.409591831151277;22.74017190738261
D;8.843961105415099;15.880388806592821
D;11.989478610112997;23.301277684004244
C;8.270673465543396;22.36202722002755
E;8.951879993991133;15.726575785827379
A;10.74248050209374;19.39097477698904
C;10.911395639003466;18.28251184023451
A;12.461161200847958;14.358169878743226
B;8.761625070611135;25.61584235707936
B;9.343528896827282;22.194681534439837
A;10.680957349104675;14.587398066740686
E;10.417892670447563;25.073611027136906
B;6.345685380162976;15.133173856966305
E;9.439888326331333;21.938455878124053
E;10.033925300829061;13.801409019108291
A;8.705929073592529;22.407798872816457
D;13.031929327284988;21.81697644526098
B;10.04280718089492;27.20180258811929
B;11.583572792540402;17.139104350457902
A;10.73599304886789;24.689155467092533
A;9.57800170502527;22.787766454362682
C;9.219410890467092;17.610918494809052
C;5.518961252161972;29.42619056096016
D;7.89322647388998;30.321932792733204
C;9.315883841245162;17.605653065271902
B;11.72285810488497;14.63393077645832
C;11.599107794262583;21.92583273196472
A;11.20128853180863;21.978974577002738
E;11.334890546641578;17.58626749089703
A;11.630208620807679;8.986156367863103
B;11.26081788704471;22.68761313484489
A;10.223963973984807;16.414113460843694
B;10.169398572086317;22.29889385532164
A;9.825520600234626;20.16485660620927
A;10.298344919762835;18.39004623834274
A;12.365209321726944;21.83758510522416
B;7.989449567862553;18.858846318270736
E;8.21737700456701;32.333083097728995
A;10.544380223144492;25.60422861053904
B;11.319749089714428;19.870302003065593
C;9.335190333921835;14.316353133329677
B;8.358854879029689;27.916611806877146
B;8.354311150021244;18.12885669482002
B;7.68678313112734;18.29939400678038
B;8.064475141458217;20.240208333268022
A;10.248339945556912;7.511213778100446
B;9.837062151353742;23.258593785139205
D;6.085389216832173;22.311360949315134
B;11.340400890498874;26.520747160510208
B;11.37363626094372;21.36652012285826
D;8.953591798620446;13.097134699744748
A;10.010584952713598;20.201930982182468
A;9.422683398535701;2.590317434725595
C;10.913507471507812;23.4828434410751
D;7.960558149427027;31.28351221540983
B;7.981585636581172;13.952819732951923
B;9.810210794943394;13.247066204355438
B;13.437391810988933;19.03052662413318
B;10.844619797223725;23.287862495384076
B;11.190185833613524;13.405564081549365
C;7.931578724890816;8.230012181159312
B;10.955177138130503;21.602098018884526
B;8.585504204951194;16.628391297062546
B;8.24083593268719;24.19908445245425
B;8.25510717997139;27.052914136377936
B;9.461173981224027;19.53457411671393
D;9.418470552617077;10.705444543903784
E;13.110779667524254;15.925911096397417
D;9.12503165887071;26.470477325694063
C;8.363791735360142;18.323778977479936
D;12.937578824273592;19.47075442259645
C;10.318118792192047;31.66244079099564
A;8.48842866853228;18.66931692626574
B;11.638727047956195;25.397554890913753
C;7.087716772424365;7.793023376175119
E;10.767823765959466;23.285539927968898
A;12.25477962685048;15.509354933876509
B;8.202717916913148;17.412239093216993
B;10.075071798822346;13.760782339255734
B;11.622978152430692;31.500661144525473
B;9.045558857852416;17.894171145412145
E;11.488163462371315;16.67854822189242
A;5.28725744663296;17.088783615893313
A;11.041203305651868;17.616896808147906
C;6.847736770948993;24.823157071288385
C;13.189806576772503;20.066010245002648
B;11.434689629696948;22.041795155611815
B;6.988797588786207;8.103632535337482
B;9.301053998016567;28.11647303421163
A;9.392737341802611;18.50558007050874
B;13.472865003428753;10.854461251351694
B;10.885191379101599;11.891329802681161
B;9.064139274730163;17.501326495231478
A;12.694415523004832;32.414197790385984
D;11.316071347745606;16.037544146421226
D;10.828371821344623;19.15333519840572
E;10.767002859989004;33.65811648673304
B;7.684005339053996;37.21670016239338
B;9.415756730763922;25.835950900883134
A;8.81624985442131;23.030745807604
C;9.229507256099037;19.6169669799026
A;9.462421655603988;24.661739191811584
C;11.488494530871614;23.357431949512996
B;10.688470753024939;5.088584668214828
B;8.524910322890895;14.911794059411214
E;12.489897998432426;31.153566101128334
A;11.202947778327282;27.270052475532015
B;7.326139965052256;20.191244007397874
B;6.514368704445712;23.94921076718071
A;7.4345159761048;24.931486931644557
B;12.61947834854064;16.45957744903825
B;11.149448721017352;21.58306306078906
E;8.821579350270278;4.8266244274494206
E;6.417924707915974;32.58605058273349
B;9.769139944123571;37.69675768642294
A;7.535146610854234;30.33107399867651
C;12.189582306143507;12.925704102735011
D;8.713325449740065;9.028507694334547
D;8.858491792488817;20.984642291051465
A;9.578682103971797;24.526479294298184
C;11.234556470812446;22.094409022658912
A;9.92302158927609;22.425733240377284
B;11.224848926754817;10.250262099183532
D;6.262968584346337;14.153703431141723
B;11.833688307805977;22.612637034100857
B;8.223128706149565;12.161248094153372
A;9.087144437394098;28.351723005240373
E;7.956217403849546;13.4023390770332
B;5.341502727399314;15.588250497912863
B;6.6609244774913225;21.65614939208082
B;10.160533361471423;14.90920094370814
D;7.74395520321165;21.36585125870429
C;11.546794532506196;20.964189216294553
C;10.345706312404452;23.294595799081648
B;11.380890791132265;20.222062664902058
C;10.772705854284553;13.739264377124732
E;9.53862679695385;35.39490826468747
C;13.244149927434535;28.037256047786308
D;10.486432628121532;21.281232222233367
D;10.058064105391018;15.320922773458879
E;8.086913393168357;17.738036663324245
B;9.48099484242553;34.456008536178715
B;9.684701831828951;13.175974964845206
A;10.955320575255506;28.495079116357783
C;10.488434813462815;14.754466718474355
A;6.90966918246319;22.214621837887634
B;7.634993222208983;24.705137754633434
C;11.632400406864091;21.19307347335473
A;9.649051094853862;14.803947237978182
B;9.267560312761507;26.06525893670959
D;11.758468430388154;15.08872288545684
B;11.328145693190256;21.464268849773653
B;10.80995850381182;26.464040930453116
B;6.553847775989988;28.475888573603434
B;7.357434400038149;28.225160631303286
B;9.97458957668202;14.446118141964128
D;10.88727536256546;16.971861017927313
B;11.148678010749858;23.88190521992818
B;8.701673922866828;16.726316476125476
B;11.702690461808894;26.853485659260617
B;9.432157554437044;17.297305769599173
D;10.477644716967928;17.21304297992868
C;9.613090600904979;17.047802783211132
D;6.910271233414006;20.21707318359094
B;10.045783821059205;14.962793815291441
A;10.310013993747527;23.27719482766938
E;9.502343988102098;19.24257845735551
A;7.3970327723174485;31.309319352717186
B;10.071557675313548;14.56469077294388
B;10.502192223456541;14.820025423628959
B;12.780145720450387;26.492952446140784
D;8.981892184404689;20.231406414360585
C;8.058681648284804;21.211794362058136
E;11.076851325882437;16.31053027121282
B;10.153074147790841;23.775445607804485
E;9.837395415512368;22.41508302144691
B;11.907769773175698;13.432905126859108
A;8.232071328826091;36.32640093126385
B;11.364964464712562;32.85781674127109
A;10.676057942951484;19.32334324994335
B;10.203870395294887;24.736154644029938
A;9.75911465987382;14.904600230385924
E;7.870477794115301;28.025538997422977
E;4.511267402102739;14.419329055612709
A;7.619433825177891;30.48266683705846
C;10.037121755621554;15.921833264402146
A;12.586808186026557;17.535273559630976
E;14.010965023736983;21.011517608691058
A;7.983125509443741;22.579972427584106
C;11.634999207888983;24.708007538639603
C;13.872858884203847;33.72951964645911
D;9.59903164617941;5.366525440681045
E;12.121941719701589;19.704345606975963
A;9.88363884026421;5.856230053995278
A;8.987538708755805;26.198748703409066
B;8.77378310751611;20.596505181593354
B;8.184313004257529;30.944224559938082
A;8.179042745120405;17.826358630248123
B;7.920254917469453;20.742301828242244
C;11.293648717597994;12.504461090249576
A;10.968475649398984;10.184257226472093
B;8.435787375225232;13.017817971221898
A;9.287808125521837;24.450029978875417
A;11.473110165057257;11.216388090617821
E;8.741036204748553;24.41057837058718
A;9.3935471869844;31.84028300885528
B;9.753900980768181;19.284002890625505
A;10.808788801391357;17.123600037769428
A;9.335331129973161;17.66999160932412
A;7.588948761766588;27.72516979646091
A;5.76761445468843;15.125350182326748
C;6.9539575562476434;18.38726296535105
